instancia, selectionSort, mergeSort
1024, 0.091616737, 0.004173452
1024, 0.02258373, 3.49246E-4
1024, 0.004188414, 2.31697E-4
1024, 0.001570994, 2.45917E-4
1024, 0.002474274, 4.65615E-4
1024, 0.002901225, 3.69167E-4
1024, 0.002882529, 3.48438E-4
1024, 0.002914698, 3.17518E-4
1024, 0.002895184, 3.31831E-4
1024, 0.002929256, 3.50566E-4
1024, 0.002731277, 3.55996E-4
1024, 0.002849721, 3.31512E-4
1024, 0.002852078, 3.27635E-4
1024, 0.00273608, 3.13684E-4
1024, 0.002779642, 3.39028E-4
1024, 0.002702533, 3.25116E-4
1024, 0.002255423, 2.83393E-4
1024, 0.002806524, 3.13117E-4
1024, 0.001680776, 3.25537E-4
1024, 0.0018329, 2.07395E-4
1024, 0.001539192, 2.06561E-4
1024, 0.002149276, 2.26739E-4
1024, 0.00192563, 2.73299E-4
1024, 0.002125931, 2.91548E-4
1024, 0.001944847, 2.16946E-4
1024, 0.001749498, 2.34401E-4
1024, 0.001425104, 1.77467E-4
1024, 0.001765959, 2.61546E-4
1024, 0.00242978, 2.87075E-4
1024, 0.002657953, 3.06193E-4
1024, 0.001469248, 2.13814E-4
1024, 0.002003423, 2.9849E-4
1024, 0.002035321, 2.82271E-4
1024, 0.001820971, 3.15299E-4
1024, 0.002567931, 3.02327E-4
1024, 0.001840382, 2.8594E-4
1024, 0.001522968, 1.9359E-4
1024, 0.001525994, 2.14757E-4
1024, 0.002094659, 2.81514E-4
1024, 0.002257732, 2.48662E-4
1024, 0.002143406, 2.26221E-4
1024, 0.001592702, 2.27406E-4
1024, 0.00146515, 2.11634E-4
1024, 0.001371698, 1.61732E-4
1024, 0.001736379, 1.69121E-4
1024, 0.001988859, 2.04402E-4
1024, 0.001591105, 1.78268E-4
1024, 0.001498666, 1.99724E-4
1024, 0.002349942, 3.42066E-4
1024, 0.001599726, 2.29607E-4
1024, 0.001724252, 3.02847E-4
1024, 0.001615377, 2.08018E-4
1024, 0.00177329, 2.4061E-4
1024, 0.001523667, 2.05351E-4
1024, 0.002105093, 3.20609E-4
1024, 0.002139787, 3.66495E-4
1024, 0.002602571, 2.63693E-4
1024, 0.001620383, 2.13389E-4
1024, 0.002527715, 3.16791E-4
1024, 0.002781412, 3.1972E-4
1024, 0.002784884, 3.51139E-4
1024, 0.002342427, 3.9337E-4
1024, 0.00185747, 2.27599E-4
1024, 0.001676628, 3.14232E-4
1024, 0.002132241, 2.85737E-4
1024, 0.002266676, 3.08015E-4
1024, 0.00224204, 3.09637E-4
1024, 0.001690199, 3.48592E-4
1024, 0.002770671, 2.7803E-4
1024, 0.002597939, 3.32496E-4
1024, 0.002620541, 3.10226E-4
1024, 0.002148317, 2.49095E-4
1024, 0.002667731, 2.93872E-4
1024, 0.002934207, 3.15988E-4
1024, 0.002836627, 3.40862E-4
1024, 0.001960674, 3.01192E-4
1024, 0.002414787, 3.20744E-4
1024, 0.002425304, 3.28073E-4
1024, 0.002335916, 3.8788E-4
1024, 0.001608536, 3.07979E-4
1024, 0.002709114, 3.71251E-4
1024, 0.002678031, 3.13575E-4
1024, 0.002331617, 2.77119E-4
1024, 0.002310953, 3.75767E-4
1024, 0.002828653, 3.08821E-4
1024, 0.002131462, 2.78147E-4
1024, 0.002109869, 2.72912E-4
1024, 0.00163503, 2.21919E-4
1024, 0.002201545, 2.72674E-4
1024, 0.002744082, 3.09821E-4
1024, 0.002347377, 2.86667E-4
1024, 0.002454035, 3.21787E-4
1024, 0.0028687, 3.33244E-4
1024, 0.002645077, 3.32127E-4
1024, 0.002815811, 2.50192E-4
1024, 0.002612386, 4.87563E-4
1024, 0.002424727, 2.02055E-4
1024, 0.001691006, 2.35897E-4
1024, 0.001704233, 1.92587E-4
1024, 0.001826344, 2.6936E-4
2048, 0.006513791, 4.34905E-4
2048, 0.006849606, 5.28299E-4
2048, 0.00994085, 6.55692E-4
2048, 0.009957855, 5.96443E-4
2048, 0.009782469, 6.43022E-4
2048, 0.009539704, 6.85336E-4
2048, 0.008104944, 4.82301E-4
2048, 0.008454829, 6.53576E-4
2048, 0.008729278, 6.01667E-4
2048, 0.009555191, 4.44302E-4
2048, 0.007387705, 5.31294E-4
2048, 0.006567433, 4.01319E-4
2048, 0.00717185, 5.3275E-4
2048, 0.009271808, 5.95488E-4
2048, 0.009886226, 5.85006E-4
2048, 0.009234754, 7.15287E-4
2048, 0.010707393, 6.67604E-4
2048, 0.010729706, 7.19346E-4
2048, 0.009969122, 5.04967E-4
2048, 0.009370368, 6.53449E-4
2048, 0.008792716, 6.14304E-4
2048, 0.009614252, 6.33946E-4
2048, 0.00988572, 5.42899E-4
2048, 0.009413672, 6.08742E-4
2048, 0.008324065, 4.55476E-4
2048, 0.006890507, 4.64437E-4
2048, 0.009476263, 6.2707E-4
2048, 0.008917191, 9.33009E-4
2048, 0.010042377, 5.5322E-4
2048, 0.010163727, 6.67593E-4
2048, 0.007851275, 4.42282E-4
2048, 0.008811712, 5.17208E-4
2048, 0.007137072, 4.23106E-4
2048, 0.007324156, 4.07687E-4
2048, 0.0070289, 5.67239E-4
2048, 0.010257879, 6.63367E-4
2048, 0.009314668, 5.81789E-4
2048, 0.0089223, 5.79318E-4
2048, 0.009058091, 6.37095E-4
2048, 0.008683456, 5.95423E-4
2048, 0.00885303, 6.54194E-4
2048, 0.008944981, 6.30678E-4
2048, 0.009363327, 6.43992E-4
2048, 0.008938928, 5.44972E-4
2048, 0.008673239, 4.99507E-4
2048, 0.008920791, 5.86245E-4
2048, 0.008950648, 7.04645E-4
2048, 0.010667019, 6.85054E-4
2048, 0.010869889, 5.95435E-4
2048, 0.010217261, 6.10865E-4
2048, 0.008734219, 5.95355E-4
2048, 0.008318526, 3.79472E-4
2048, 0.008172677, 6.40738E-4
2048, 0.008412535, 4.92319E-4
2048, 0.006117558, 4.32965E-4
2048, 0.007183436, 4.22317E-4
2048, 0.008204628, 4.13386E-4
2048, 0.006606333, 4.63939E-4
2048, 0.006235206, 3.84047E-4
2048, 0.00586218, 4.89151E-4
2048, 0.005629258, 3.6606E-4
2048, 0.006466844, 4.2421E-4
2048, 0.005611021, 4.51948E-4
2048, 0.005742979, 3.47836E-4
2048, 0.005572721, 3.80352E-4
2048, 0.005451338, 3.63446E-4
2048, 0.007729699, 4.13852E-4
2048, 0.005560967, 3.89517E-4
2048, 0.006827943, 5.086E-4
2048, 0.005880582, 3.72578E-4
2048, 0.005581692, 3.63635E-4
2048, 0.005450355, 3.68598E-4
2048, 0.005298704, 4.43721E-4
2048, 0.005050212, 3.67508E-4
2048, 0.00560956, 3.66666E-4
2048, 0.005261731, 3.71525E-4
2048, 0.005493597, 3.7073E-4
2048, 0.005285207, 3.563E-4
2048, 0.005223636, 3.69453E-4
2048, 0.005377844, 4.71832E-4
2048, 0.005516702, 3.14337E-4
2048, 0.004714045, 3.82524E-4
2048, 0.004904555, 3.06236E-4
2048, 0.004793427, 3.35012E-4
2048, 0.005069982, 3.58598E-4
2048, 0.005588963, 3.72656E-4
2048, 0.007216447, 4.80797E-4
2048, 0.007476949, 5.74112E-4
2048, 0.008530228, 5.87415E-4
2048, 0.010994596, 6.69849E-4
2048, 0.009255032, 6.38663E-4
2048, 0.008555525, 6.21722E-4
2048, 0.009387728, 6.04923E-4
2048, 0.008474863, 5.62718E-4
2048, 0.008527703, 5.63207E-4
2048, 0.008459307, 5.54063E-4
2048, 0.008511997, 5.47767E-4
2048, 0.008216046, 5.73556E-4
2048, 0.008528782, 7.28901E-4
2048, 0.00854988, 5.61118E-4
4096, 0.031735724, 9.7258E-4
4096, 0.021129979, 6.28321E-4
4096, 0.017064347, 5.65459E-4
4096, 0.016761852, 5.63442E-4
4096, 0.016440821, 5.63733E-4
4096, 0.017058115, 6.40636E-4
4096, 0.017499003, 6.6533E-4
4096, 0.017781383, 5.69354E-4
4096, 0.019482591, 6.15991E-4
4096, 0.01772548, 8.08584E-4
4096, 0.018467554, 6.93803E-4
4096, 0.018186251, 6.53839E-4
4096, 0.017721393, 6.12532E-4
4096, 0.017950431, 6.10424E-4
4096, 0.018352224, 6.47063E-4
4096, 0.018025043, 6.57065E-4
4096, 0.018418897, 6.55583E-4
4096, 0.018455303, 6.5294E-4
4096, 0.019637359, 6.55908E-4
4096, 0.018256589, 6.49963E-4
4096, 0.018169861, 6.52963E-4
4096, 0.018370204, 6.46469E-4
4096, 0.018517068, 6.58553E-4
4096, 0.018209876, 6.57887E-4
4096, 0.01906472, 6.81477E-4
4096, 0.018178796, 6.48695E-4
4096, 0.018519367, 7.06541E-4
4096, 0.018935867, 7.29201E-4
4096, 0.019307628, 6.7067E-4
4096, 0.018833066, 6.69185E-4
4096, 0.019283864, 6.65646E-4
4096, 0.019116251, 8.23057E-4
4096, 0.018807775, 6.68775E-4
4096, 0.018795848, 6.69084E-4
4096, 0.019370322, 7.65935E-4
4096, 0.021435669, 6.75287E-4
4096, 0.020430772, 8.93682E-4
4096, 0.018906064, 6.7535E-4
4096, 0.018710413, 6.63947E-4
4096, 0.019016434, 7.60043E-4
4096, 0.019103668, 6.72286E-4
4096, 0.018985823, 6.68108E-4
4096, 0.019686, 7.20133E-4
4096, 0.034340607, 0.001127547
4096, 0.022091249, 7.35229E-4
4096, 0.023341514, 7.85785E-4
4096, 0.02210843, 7.19712E-4
4096, 0.020763934, 7.21586E-4
4096, 0.019745215, 7.12716E-4
4096, 0.019710043, 7.12413E-4
4096, 0.018753169, 6.30548E-4
4096, 0.018411065, 6.4695E-4
4096, 0.018803639, 6.97505E-4
4096, 0.018795272, 7.84632E-4
4096, 0.019146904, 6.5372E-4
4096, 0.018161385, 6.47901E-4
4096, 0.0183738, 7.2786E-4
4096, 0.018921668, 6.59065E-4
4096, 0.018375642, 6.4764E-4
4096, 0.018176141, 6.51966E-4
4096, 0.018200424, 6.50927E-4
4096, 0.018231797, 6.50843E-4
4096, 0.018494876, 6.50787E-4
4096, 0.019410935, 7.01547E-4
4096, 0.018444932, 6.49935E-4
4096, 0.018436647, 6.98224E-4
4096, 0.018343212, 6.47752E-4
4096, 0.018444642, 6.49532E-4
4096, 0.018479607, 6.51621E-4
4096, 0.01991469, 9.98447E-4
4096, 0.02061399, 6.69324E-4
4096, 0.021537394, 8.78395E-4
4096, 0.021695249, 8.38071E-4
4096, 0.020835233, 7.74308E-4
4096, 0.020389493, 7.40912E-4
4096, 0.018597743, 6.52188E-4
4096, 0.018214834, 6.49208E-4
4096, 0.019626963, 6.50249E-4
4096, 0.01911154, 6.97137E-4
4096, 0.019363385, 6.51561E-4
4096, 0.018951273, 7.88058E-4
4096, 0.018516921, 9.37073E-4
4096, 0.018772706, 6.56709E-4
4096, 0.018339666, 6.58984E-4
4096, 0.018529572, 6.68538E-4
4096, 0.018333402, 6.55182E-4
4096, 0.018481326, 6.59064E-4
4096, 0.01877807, 6.5458E-4
4096, 0.019016402, 6.56503E-4
4096, 0.018615165, 7.59868E-4
4096, 0.01942012, 6.58423E-4
4096, 0.021175089, 6.54654E-4
4096, 0.019415867, 6.84701E-4
4096, 0.019738345, 6.70225E-4
4096, 0.019282751, 7.2017E-4
4096, 0.019456047, 6.72905E-4
4096, 0.018604534, 6.71121E-4
4096, 0.018678749, 6.86458E-4
4096, 0.018811005, 6.74311E-4
4096, 0.018752242, 6.67586E-4
8192, 0.075851298, 0.001466222
8192, 0.07561324, 0.001536983
8192, 0.079709896, 0.00162061
8192, 0.082148389, 0.001687294
8192, 0.082940876, 0.001800215
8192, 0.078012149, 0.001442417
8192, 0.075076398, 0.001381274
8192, 0.075095284, 0.001386139
8192, 0.073228605, 0.001377572
8192, 0.073132663, 0.001375588
8192, 0.075273965, 0.001464621
8192, 0.073266546, 0.001374891
8192, 0.074978797, 0.001506445
8192, 0.075872391, 0.001426232
8192, 0.075096946, 0.001415403
8192, 0.077372261, 0.001557141
8192, 0.074393059, 0.00158075
8192, 0.076434044, 0.001419927
8192, 0.076937768, 0.001414133
8192, 0.075371696, 0.001507078
8192, 0.077896633, 0.001578456
8192, 0.075994644, 0.001592907
8192, 0.077603706, 0.001540414
8192, 0.074667709, 0.001520042
8192, 0.075843932, 0.001438783
8192, 0.075469829, 0.001434258
8192, 0.074452646, 0.001272531
8192, 0.075146538, 0.001469406
8192, 0.07534593, 0.001433267
8192, 0.075550562, 0.001390639
8192, 0.07440889, 0.001391917
8192, 0.073546777, 0.001428143
8192, 0.073924952, 0.001385337
8192, 0.073385561, 0.001396152
8192, 0.072854449, 0.001463113
8192, 0.074315379, 0.001428955
8192, 0.07267346, 0.00138204
8192, 0.074533215, 0.001474841
8192, 0.073429463, 0.001386211
8192, 0.072942654, 0.001387952
8192, 0.074724436, 0.001393261
8192, 0.07277602, 0.00169882
8192, 0.074623631, 0.001390508
8192, 0.073390182, 0.00138943
8192, 0.073556622, 0.001795723
8192, 0.074388119, 0.00139261
8192, 0.072795048, 0.001383097
8192, 0.07505571, 0.001976915
8192, 0.07536426, 0.001430374
8192, 0.072739056, 0.001450563
8192, 0.074287889, 0.001538423
8192, 0.078620717, 0.00158919
8192, 0.074800849, 0.001911523
8192, 0.077387026, 0.001472753
8192, 0.077376907, 0.00155841
8192, 0.078085952, 0.001519287
8192, 0.077141, 0.001598346
8192, 0.072991245, 0.001386268
8192, 0.073885341, 0.001527192
8192, 0.072322109, 0.001623046
8192, 0.07462715, 0.001385288
8192, 0.073586797, 0.001389525
8192, 0.074096769, 0.001605834
8192, 0.069896663, 0.00149493
8192, 0.077735249, 0.00152247
8192, 0.077485236, 0.001403496
8192, 0.073345977, 0.001569883
8192, 0.076963078, 0.001444689
8192, 0.07598809, 0.001570762
8192, 0.073721249, 0.001386875
8192, 0.074170542, 0.001520103
8192, 0.072804726, 0.001402581
8192, 0.071746742, 0.001476916
8192, 0.07578288, 0.00121511
8192, 0.073603099, 0.001408012
8192, 0.074684383, 0.001393353
8192, 0.073956706, 0.001396769
8192, 0.074278363, 0.00138603
8192, 0.074598652, 0.001785023
8192, 0.075442869, 0.001573618
8192, 0.071529295, 0.0012152
8192, 0.084809849, 0.001776399
8192, 0.087532249, 0.0019974
8192, 0.072764696, 0.001476387
8192, 0.072862979, 0.00127305
8192, 0.076629285, 0.001468157
8192, 0.076968778, 0.001457856
8192, 0.073858484, 0.002031146
8192, 0.073540953, 0.001359035
8192, 0.080249232, 0.001627215
8192, 0.081132197, 0.001418091
8192, 0.075525382, 0.001428687
8192, 0.078498942, 0.001695871
8192, 0.076535556, 0.001387356
8192, 0.071259438, 0.001375997
8192, 0.073549199, 0.001335416
8192, 0.073858554, 0.001625009
8192, 0.072820144, 0.001406444
8192, 0.075168565, 0.00137499
8192, 0.073635448, 0.001463759
16384, 0.302122639, 0.00285622
16384, 0.29632846, 0.002906459
16384, 0.306929536, 0.003189932
16384, 0.303840941, 0.003202737
16384, 0.315761205, 0.003080918
16384, 0.302289966, 0.002888821
16384, 0.315196163, 0.003240038
16384, 0.317798524, 0.003189942
16384, 0.301575456, 0.00290824
16384, 0.301627175, 0.002942579
16384, 0.299734483, 0.002903587
16384, 0.365234461, 0.005392078
16384, 0.371828088, 0.003518238
16384, 0.319579427, 0.002937117
16384, 0.322590141, 0.00321082
16384, 0.320239944, 0.00308297
16384, 0.302394627, 0.003012648
16384, 0.297148975, 0.002602702
16384, 0.281749828, 0.003129649
16384, 0.308149617, 0.003046414
16384, 0.299300471, 0.002892887
16384, 0.311790084, 0.003086381
16384, 0.311181121, 0.003233736
16384, 0.305387391, 0.002996542
16384, 0.30920431, 0.003024629
16384, 0.297181165, 0.00271786
16384, 0.305120866, 0.002956965
16384, 0.304856991, 0.002965055
16384, 0.347077079, 0.00420576
16384, 0.497568496, 0.003780362
16384, 0.373297873, 0.003880337
16384, 0.409154178, 0.005941314
16384, 0.408657918, 0.002701033
16384, 0.309718972, 0.003132466
16384, 0.331701476, 0.003430737
16384, 0.329924459, 0.003009973
16384, 0.312855369, 0.002919125
16384, 0.348493272, 0.003562446
16384, 0.382956426, 0.003637449
16384, 0.381973973, 0.003624366
16384, 0.318293084, 0.003085311
16384, 0.304389273, 0.003474877
16384, 0.315660416, 0.003799049
16384, 0.330347441, 0.003079455
16384, 0.319737156, 0.003106379
16384, 0.322666135, 0.00298935
16384, 0.320514609, 0.003094382
16384, 0.31087112, 0.002818689
16384, 0.308462764, 0.003080724
16384, 0.303957411, 0.002821443
16384, 0.30173363, 0.002951012
16384, 0.302097943, 0.003010313
16384, 0.295202825, 0.002593332
16384, 0.287991545, 0.003077591
16384, 0.308094597, 0.002986403
16384, 0.303828952, 0.003187996
16384, 0.315648452, 0.003272283
16384, 0.306236213, 0.002740794
16384, 0.309000365, 0.003081158
16384, 0.307611471, 0.002713199
16384, 0.303967238, 0.002931406
16384, 0.292370661, 0.003070749
16384, 0.302362442, 0.002962161
16384, 0.291340912, 0.002686783
16384, 0.287436124, 0.003300025
16384, 0.307840549, 0.003082443
16384, 0.308439605, 0.002672773
16384, 0.309773019, 0.003077316
16384, 0.315668506, 0.002914456
16384, 0.299991266, 0.002936178
16384, 0.308547058, 0.003298021
16384, 0.306796253, 0.003002764
16384, 0.313002716, 0.003110078
16384, 0.313671272, 0.00315042
16384, 0.300336291, 0.003104349
16384, 0.301174814, 0.002892079
16384, 0.3066377, 0.003079308
16384, 0.312210417, 0.002989556
16384, 0.288523138, 0.002833249
16384, 0.320042394, 0.002989227
16384, 0.308905911, 0.002662397
16384, 0.306577759, 0.002982701
16384, 0.306566872, 0.002661528
16384, 0.306166651, 0.003208527
16384, 0.298871943, 0.002671982
16384, 0.30823307, 0.003071302
16384, 0.353458746, 0.003523593
16384, 0.353521919, 0.003093882
16384, 0.426006964, 0.003416183
16384, 0.316782715, 0.002733976
16384, 0.316362046, 0.003229159
16384, 0.340886912, 0.003129563
16384, 0.303301621, 0.002671674
16384, 0.329980869, 0.002929118
16384, 0.320364004, 0.003288151
16384, 0.32715229, 0.003522841
16384, 0.310355952, 0.003189875
16384, 0.325617373, 0.003176012
16384, 0.331861732, 0.00301503
16384, 0.328486517, 0.002989892
32768, 1.302289768, 0.006360315
32768, 1.286509755, 0.005816199
32768, 1.34139069, 0.006625049
32768, 1.324812204, 0.006291739
32768, 1.292155403, 0.006307742
32768, 1.325895051, 0.006305178
32768, 1.281555284, 0.006367105
32768, 1.335693601, 0.006369084
32768, 1.37534418, 0.006592417
32768, 1.417335571, 0.007396569
32768, 1.232065409, 0.006041166
32768, 1.256794655, 0.005986356
32768, 1.25368392, 0.006164787
32768, 1.245890841, 0.007734067
32768, 1.214447675, 0.007218261
32768, 1.213449243, 0.005709263
32768, 1.250763927, 0.006669176
32768, 1.208654017, 0.005676531
32768, 1.262615467, 0.006384279
32768, 1.493173986, 0.005998122
32768, 1.277688979, 0.005726854
32768, 1.271341037, 0.00743236
32768, 1.330238271, 0.006559162
32768, 1.291327699, 0.00628101
32768, 1.305752032, 0.007239308
32768, 1.29397374, 0.006259494
32768, 1.277895932, 0.006178515
32768, 1.295541763, 0.006530444
32768, 1.271134438, 0.005679871
32768, 1.298963317, 0.006395331
32768, 1.337646756, 0.005837478
32768, 1.373136597, 0.006832858
32768, 1.316412069, 0.006093116
32768, 1.326491304, 0.006043072
32768, 1.312204156, 0.007238206
32768, 1.297767706, 0.006093211
32768, 1.259705025, 0.006028384
32768, 1.292775526, 0.006022018
32768, 1.288389661, 0.006227883
32768, 1.296764368, 0.005750833
32768, 1.296888458, 0.006865213
32768, 1.320138249, 0.007141671
32768, 1.385175803, 0.005470738
32768, 1.29134667, 0.005723168
32768, 1.340177663, 0.006880028
32768, 1.318743993, 0.006341374
32768, 1.30795583, 0.006226472
32768, 1.449987094, 0.006656611
32768, 1.329586656, 0.005432141
32768, 1.310544142, 0.006444202
32768, 1.299406384, 0.007091582
32768, 1.336250312, 0.005950844
32768, 1.399137801, 0.006700485
32768, 1.300649456, 0.006271081
32768, 1.244721761, 0.007752004
32768, 1.250537458, 0.006342412
32768, 1.226003821, 0.006918857
32768, 1.219142769, 0.006283429
32768, 1.220469751, 0.006366472
32768, 1.238981775, 0.006188895
32768, 1.205866005, 0.006476981
32768, 1.242969756, 0.006420749
32768, 1.245192899, 0.006535359
32768, 1.244484224, 0.006445965
32768, 1.216667843, 0.005427716
32768, 1.408426645, 0.005523991
32768, 1.322115564, 0.0058857
32768, 1.307694062, 0.006830016
32768, 1.316937256, 0.006167331
32768, 1.305039479, 0.00667977
32768, 1.303013205, 0.006999657
32768, 1.312264414, 0.005981248
32768, 1.435297074, 0.006183858
32768, 1.341666149, 0.00614575
32768, 1.348672547, 0.007446135
32768, 1.224797657, 0.006072231
32768, 1.275891179, 0.006841941
32768, 1.260185289, 0.005702052
32768, 1.205778932, 0.006328908
32768, 1.324970981, 0.016314609
32768, 1.283673088, 0.006735115
32768, 1.221063178, 0.006215464
32768, 1.367903472, 0.006384125
32768, 1.217663012, 0.006638942
32768, 1.244809427, 0.006762333
32768, 1.229724899, 0.006058796
32768, 1.223405538, 0.006192888
32768, 1.233691055, 0.00547585
32768, 1.451738281, 0.005509837
32768, 1.256016189, 0.006680995
32768, 1.244769841, 0.005878107
32768, 1.234267286, 0.006997658
32768, 1.253783819, 0.006347115
32768, 1.234354284, 0.005561024
32768, 1.272776182, 0.005985437
32768, 1.237674212, 0.006256976
32768, 1.228556441, 0.007109663
32768, 1.457399535, 0.00646647
32768, 1.316215441, 0.006364465
32768, 1.317222642, 0.005727882
